{
  "type": "Drill",
  "name": "Стальной бур",
  "description": "Лучший бур на Серпуло",
  "health": 300,
  "size": 4,
  "tier": 6,
  "drillTime": 120,
  "requirements": [
    {
      "item": "copper",
      "amount": 1200
    },
    {
      "item": "steel",
      "amount": 1000
    },
    {
      "item": "carbon",
      "amount": 500
    },
    {
      "item": "silicon",
      "amount": 700
    },
    {
      "item": "titanium",
      "amount": 300
    }
  ],
  "consumes": {
    "power": 4,    
    "liquid": {
      "liquid": "water",
      "amount": 0.7
    }
  },
  "category": "production",
  "research": {
    "parent": "carbon-weaver",
    "requirements": [
      {
        "item": "copper",
        "amount": 2000
      },
      {
        "item": "carbon",
        "amount": 1000
      },
      {
        "item": "steel",
        "amount": 1500
      },
      {
        "item": "iron",
        "amount": 2000
      }
    ]
  }
}