{
  "type": "GenericCrafter",
  "name": "Плавильня железа",
  "description": "Производнт железо",
  "health": 100,
  "size": 2,
  "requirements": [
    {
      "item": "copper",
      "amount": 550
    },
    {
      "item": "lead",
      "amount": 500
    },
    {
      "item": "titanium",
      "amount": 200
    }
  ],
  "hasPower": true,
  "hasItems": true,
  "hasLiquids": true,
  "craftTime": 80,
  "consumes": {
    "power": 3,
    "items": {
      "items": [
        {
          "item": "scrap",
          "amount": 8
        },
        {
          "item": "carbon",
          "amount": 4
        }
      ]
    }
  },
  "updateEffect": "smeltsmoke",
  "category": "crafting",
  "idleSoundVolume": 0.5,
  "itemCapacity": 20,
  "outputItem": {
    "item": "iron",
    "amount": 3
  },
  "research": {
    "parent": "kiln",
    "requirements": [
      {
        "item": "copper",
        "amount": 1500
      },
      {
        "item": "carbon",
        "amount": 1000
      },
      {
        "item": "lead",
        "amount": 1500
      }
    ]
  }
}